stop_id1,stop_name1,stop_id2,stop_name2,num_results,distance1,aerial_distance1,distance2,aerial_distance2
300,מודיעין,400,פאתי מודיעין,1,4831,4322,,
300,מודיעין,700,קריית חיים,1,131591,103936,,
300,מודיעין,800,קריית מוצקין,1,132645,104894,,
300,מודיעין,1220,לב המפרץ,1,127196,100294,,
300,מודיעין,1300,חוצות המפרץ,1,129628,102145,,
300,מודיעין,1500,עכו,1,144131,115543,,
300,מודיעין,1600,נהריה,1,153029,124174,,
300,מודיעין,2100,חיפה מרכז,1,121983,103243,,
300,מודיעין,2200,בת גלים,1,120274,104137,,
300,מודיעין,2300,חוף הכרמל,1,114194,99999,,
300,מודיעין,2500,עתלית,1,102869,88835,,
300,מודיעין,2800,בנימינה,1,82255,68996,,
300,מודיעין,2820,קיסריה,1,78996,65756,,
300,מודיעין,3100,חדרה מערב,1,71264,60789,,
300,מודיעין,3300,נתניה,1,57498,48157,,
300,מודיעין,3400,בית יהושע,1,51008,42067,,
300,מודיעין,3500,הרצליה,1,39340,32878,,
300,מודיעין,3600,אוניברסיטה,1,32384,27589,,
300,מודיעין,3700,"ת""א מרכז",1,30097,26101,,
300,מודיעין,4600,"ת""א השלום",1,28819,25474,,
300,מודיעין,4900,ההגנה,1,26457,24356,,
300,מודיעין,8600,"נתב""ג",1,15547,14618,,
400,פאתי מודיעין,700,קריית חיים,1,136423,102791,,
400,פאתי מודיעין,800,קריית מוצקין,1,137476,103731,,
400,פאתי מודיעין,1220,לב המפרץ,1,132027,99245,,
400,פאתי מודיעין,1300,חוצות המפרץ,1,134459,101032,,
400,פאתי מודיעין,1500,עכו,1,148962,114366,,
400,פאתי מודיעין,1600,נהריה,1,157860,122972,,
400,פאתי מודיעין,2100,חיפה מרכז,1,126814,102353,,
400,פאתי מודיעין,2200,בת גלים,1,125105,103305,,
400,פאתי מודיעין,2300,חוף הכרמל,1,119025,99265,,
400,פאתי מודיעין,2500,עתלית,1,107701,88191,,
400,פאתי מודיעין,2800,בנימינה,1,87087,68353,,
400,פאתי מודיעין,2820,קיסריה,1,83827,65098,,
400,פאתי מודיעין,3100,חדרה מערב,1,76096,60510,,
400,פאתי מודיעין,3300,נתניה,1,62329,48284,,
400,פאתי מודיעין,3400,בית יהושע,1,55840,42426,,
400,פאתי מודיעין,3500,הרצליה,1,44172,34102,,
400,פאתי מודיעין,3600,אוניברסיטה,1,37216,29418,,
400,פאתי מודיעין,3700,"ת""א מרכז",1,34928,28183,,
400,פאתי מודיעין,4600,"ת""א השלום",1,33650,27712,,
400,פאתי מודיעין,4900,ההגנה,1,31288,26880,,
400,פאתי מודיעין,8600,"נתב""ג",1,20378,16864,,
700,קריית חיים,800,קריית מוצקין,1,1053,1053,,
700,קריית חיים,1220,לב המפרץ,1,4395,4275,,
700,קריית חיים,1300,חוצות המפרץ,1,1963,1942,,
700,קריית חיים,1500,עכו,1,12539,11623,,
700,קריית חיים,1600,נהריה,1,21437,20274,,
700,קריית חיים,2100,חיפה מרכז,1,9608,6281,,
700,קריית חיים,2200,בת גלים,1,11317,7723,,
700,קריית חיים,2300,חוף הכרמל,1,17397,10562,,
700,קריית חיים,2500,עתלית,1,28722,18683,,
700,קריית חיים,2800,בנימינה,1,49336,36111,,
700,קריית חיים,2820,קיסריה,1,52595,39112,,
700,קריית חיים,3100,חדרה מערב,1,60327,45654,,
700,קריית חיים,3300,נתניה,1,74093,58999,,
700,קריית חיים,3400,בית יהושע,1,80583,65356,,
700,קריית חיים,3500,הרצליה,1,92251,76990,,
700,קריית חיים,3600,אוניברסיטה,1,99207,83761,,
700,קריית חיים,3700,"ת""א מרכז",1,101494,86036,,
700,קריית חיים,4600,"ת""א השלום",1,102772,87278,,
700,קריית חיים,4900,ההגנה,1,105134,89568,,
700,קריית חיים,5000,לוד,1,121738,99344,,
700,קריית חיים,5010,רמלה,1,124054,101107,,
700,קריית חיים,7000,קרית גת,1,163087,138371,,
700,קריית חיים,7300,אוניברסיטה,1,202699,175325,,
700,קריית חיים,7320,"ב""ש מרכז",1,208314,177529,,
700,קריית חיים,8550,להבים,1,190172,163615,,
700,קריית חיים,8600,"נתב""ג",1,116044,93365,,
800,קריית מוצקין,1220,לב המפרץ,1,5448,5324,,
800,קריית מוצקין,1300,חוצות המפרץ,1,3017,2996,,
800,קריית מוצקין,1500,עכו,1,11485,10649,,
800,קריית מוצקין,1600,נהריה,1,20383,19293,,
800,קריית מוצקין,2100,חיפה מרכז,1,10662,6908,,
800,קריית מוצקין,2200,בת גלים,1,12370,8228,,
800,קריית מוצקין,2300,חוף הכרמל,1,18451,11381,,
800,קריית מוצקין,2500,עתלית,1,29775,19726,,
800,קריית מוצקין,2800,בנימינה,1,50389,37139,,
800,קריית מוצקין,2820,קיסריה,1,53649,40132,,
800,קריית מוצקין,3100,חדרה מערב,1,61380,46692,,
800,קריית מוצקין,3300,נתניה,1,75147,60030,,
800,קריית מוצקין,3400,בית יהושע,1,81636,66383,,
800,קריית מוצקין,3500,הרצליה,1,93304,78019,,
800,קריית מוצקין,3600,אוניברסיטה,1,100260,84788,,
800,קריית מוצקין,3700,"ת""א מרכז",1,102548,87063,,
800,קריית מוצקין,4600,"ת""א השלום",1,103826,88305,,
800,קריית מוצקין,4900,ההגנה,1,106188,90595,,
800,קריית מוצקין,5000,לוד,1,122792,100337,,
800,קריית מוצקין,5010,רמלה,1,125108,102098,,
800,קריית מוצקין,7000,קרית גת,1,164140,139370,,
800,קריית מוצקין,7300,אוניברסיטה,1,203752,176301,,
800,קריית מוצקין,7320,"ב""ש מרכז",1,209368,178508,,
800,קריית מוצקין,8550,להבים,1,191225,164598,,
800,קריית מוצקין,8600,"נתב""ג",1,117098,94363,,
1220,לב המפרץ,1300,חוצות המפרץ,1,2431,2370,,
1220,לב המפרץ,1500,עכו,1,16934,15535,,
1220,לב המפרץ,1600,נהריה,1,25832,24154,,
1220,לב המפרץ,2100,חיפה מרכז,1,5213,4889,,
1220,לב המפרץ,2200,בת גלים,1,6921,6580,,
1220,לב המפרץ,2300,חוף הכרמל,1,13002,7437,,
1220,לב המפרץ,2500,עתלית,1,24326,14410,,
1220,לב המפרץ,2800,בנימינה,1,44940,32102,,
1220,לב המפרץ,2820,קיסריה,1,48200,35155,,
1220,לב המפרץ,3100,חדרה מערב,1,55931,41574,,
1220,לב המפרץ,3300,נתניה,1,69698,54955,,
1220,לב המפרץ,3400,בית יהושע,1,76187,61337,,
1220,לב המפרץ,3500,הרצליה,1,87855,72958,,
1220,לב המפרץ,3600,אוניברסיטה,1,94811,79741,,
1220,לב המפרץ,3700,"ת""א מרכז",1,97099,82017,,
1220,לב המפרץ,4600,"ת""א השלום",1,98377,83257,,
1220,לב המפרץ,4900,ההגנה,1,100739,85544,,
1220,לב המפרץ,5000,לוד,1,117343,95521,,
1220,לב המפרץ,5010,רמלה,1,119659,97293,,
1220,לב המפרץ,7000,קרית גת,1,158691,134511,,
1220,לב המפרץ,7300,אוניברסיטה,1,198303,171577,,
1220,לב המפרץ,7320,"ב""ש מרכז",1,203919,173773,,
1220,לב המפרץ,8550,להבים,1,185776,159835,,
1220,לב המפרץ,8600,"נתב""ג",1,111649,89512,,
1300,חוצות המפרץ,1500,עכו,1,14502,13471,,
1300,חוצות המפרץ,1600,נהריה,1,23400,22121,,
1300,חוצות המפרץ,2100,חיפה מרכז,1,7644,5547,,
1300,חוצות המפרץ,2200,בת גלים,1,9353,7181,,
1300,חוצות המפרץ,2300,חוף הכרמל,1,15434,9230,,
1300,חוצות המפרץ,2500,עתלית,1,26758,16775,,
1300,חוצות המפרץ,2800,בנימינה,1,47372,34204,,
1300,חוצות המפרץ,2820,קיסריה,1,50632,37219,,
1300,חוצות המפרץ,3100,חדרה מערב,1,58363,43733,,
1300,חוצות המפרץ,3300,נתניה,1,72130,57086,,
1300,חוצות המפרץ,3400,בית יהושע,1,78619,63450,,
1300,חוצות המפרץ,3500,הרצליה,1,90287,75081,,
1300,חוצות המפרץ,3600,אוניברסיטה,1,97243,81855,,
1300,חוצות המפרץ,3700,"ת""א מרכז",1,99531,84131,,
1300,חוצות המפרץ,4600,"ת""א השלום",1,100809,85372,,
1300,חוצות המפרץ,4900,ההגנה,1,103171,87661,,
1300,חוצות המפרץ,5000,לוד,1,119775,97495,,
1300,חוצות המפרץ,7000,קרית גת,1,161123,136512,,
1300,חוצות המפרץ,7300,אוניברסיטה,1,200735,173501,,
1300,חוצות המפרץ,7320,"ב""ש מרכז",1,206351,175703,,
1300,חוצות המפרץ,8550,להבים,1,188208,161781,,
1300,חוצות המפרץ,8600,"נתב""ג",1,114081,91506,,
1500,עכו,1600,נהריה,1,8897,8651,,
1500,עכו,2100,חיפה מרכז,1,22147,14252,,
1500,עכו,2200,בת גלים,1,23856,14381,,
1500,עכו,2300,חוף הכרמל,1,29936,19008,,
1500,עכו,2500,עתלית,1,41261,29350,,
1500,עכו,2800,בנימינה,1,61875,47635,,
1500,עכו,2820,קיסריה,1,65135,50674,,
1500,עכו,3100,חדרה מערב,1,72866,57102,,
1500,עכו,3300,נתניה,1,86632,70490,,
1500,עכו,3400,בית יהושע,1,93122,76872,,
1500,עכו,3500,הרצליה,1,104790,88493,,
1500,עכו,3600,אוניברסיטה,1,111746,95276,,
1500,עכו,3700,"ת""א מרכז",1,114034,97552,,
1500,עכו,4600,"ת""א השלום",1,115312,98792,,
1500,עכו,4900,ההגנה,1,117673,101079,,
1500,עכו,5000,לוד,1,134278,110963,,
1500,עכו,5010,רמלה,1,136594,112727,,
1500,עכו,7000,קרית גת,1,175626,149983,,
1500,עכו,7300,אוניברסיטה,1,215238,186948,,
1500,עכו,7320,"ב""ש מרכז",1,220854,189153,,
1500,עכו,8550,להבים,1,202711,175239,,
1500,עכו,8600,"נתב""ג",1,128584,104978,,
1600,נהריה,2100,חיפה מרכז,1,31045,22415,,
1600,נהריה,2200,בת גלים,1,32754,22235,,
1600,נהריה,2300,חוף הכרמל,1,38834,26940,,
1600,נהריה,2500,עתלית,1,50159,37700,,
1600,נהריה,2800,בנימינה,1,70773,56254,,
1600,נהריה,2820,קיסריה,1,74032,59307,,
1600,נהריה,3100,חדרה מערב,1,81764,65684,,
1600,נהריה,3300,נתניה,1,95530,79088,,
1600,נהריה,3400,בית יהושע,1,102020,85481,,
1600,נהריה,3500,הרצליה,1,113688,97093,,
1600,נהריה,3600,אוניברסיטה,1,120644,103882,,
1600,נהריה,3700,"ת""א מרכז",1,122931,106158,,
1600,נהריה,4600,"ת""א השלום",1,124209,107396,,
1600,נהריה,4900,ההגנה,1,126571,109682,,
1600,נהריה,5000,לוד,1,143176,119615,,
1600,נהריה,5010,רמלה,1,145491,121379,,
1600,נהריה,7000,קרית גת,1,184524,158633,,
1600,נהריה,7300,אוניברסיטה,1,224136,195595,,
1600,נהריה,7320,"ב""ש מרכז",1,229751,197801,,
1600,נהריה,8550,להבים,1,211609,183889,,
1600,נהריה,8600,"נתב""ג",1,137481,113628,,
2100,חיפה מרכז,2200,בת גלים,1,1708,1700,,
2100,חיפה מרכז,2300,חוף הכרמל,1,7789,4881,,
2100,חיפה מרכז,2500,עתלית,1,19113,15316,,
2100,חיפה מרכז,2800,בנימינה,1,39727,34480,,
2100,חיפה מרכז,2820,קיסריה,1,42987,37649,,
2100,חיפה מרכז,3100,חדרה מערב,1,50718,43642,,
2100,חיפה מרכז,3300,נתניה,1,64485,57076,,
2100,חיפה מרכז,3400,בית יהושע,1,70974,63511,,
2100,חיפה מרכז,3500,הרצליה,1,82642,75059,,
2100,חיפה מרכז,3600,אוניברסיטה,1,89598,81865,,
2100,חיפה מרכז,3700,"ת""א מרכז",1,91886,84139,,
2100,חיפה מרכז,4600,"ת""א השלום",1,93164,85369,,
2100,חיפה מרכז,4800,כפר חבד,1,105070,93113,,
2100,חיפה מרכז,4900,ההגנה,1,95526,87644,,
2100,חיפה מרכז,5000,לוד,1,112130,98122,,
2100,חיפה מרכז,5010,רמלה,1,114446,99913,,
2100,חיפה מרכז,5150,גני אביב,1,108856,95683,,
2100,חיפה מרכז,5200,רחובות,1,120976,103087,,
2100,חיפה מרכז,5300,באר יעקב,1,117033,100082,,
2100,חיפה מרכז,5410,יבנה,1,128971,109332,,
2100,חיפה מרכז,5800,אשדוד,1,141387,120561,,
2100,חיפה מרכז,5900,אשקלון,1,153903,132523,,
2100,חיפה מרכז,7000,קרית גת,1,153478,136992,,
2100,חיפה מרכז,7300,אוניברסיטה,1,193090,174278,,
2100,חיפה מרכז,7320,"ב""ש מרכז",1,198706,176455,,
2100,חיפה מרכז,8550,להבים,1,180563,162475,,
2100,חיפה מרכז,8600,"נתב""ג",1,106436,92055,,
2200,בת גלים,2300,חוף הכרמל,1,6080,4705,,
2200,בת גלים,2500,עתלית,1,17404,15785,,
2200,בת גלים,2800,בנימינה,1,38018,35255,,
2200,בת גלים,2820,קיסריה,1,41278,38453,,
2200,בת גלים,3100,חדרה מערב,1,49009,44282,,
2200,בת גלים,3300,נתניה,1,62776,57709,,
2200,בת גלים,3400,בית יהושע,1,69265,64154,,
2200,בת גלים,3500,הרצליה,1,80933,75665,,
2200,בת גלים,3600,אוניברסיטה,1,87889,82473,,
2200,בת גלים,3700,"ת""א מרכז",1,90177,84746,,
2200,בת גלים,4600,"ת""א השלום",1,91455,85972,,
2200,בת גלים,4800,כפר חבד,1,103361,93840,,
2200,בת גלים,4900,ההגנה,1,93817,88241,,
2200,בת גלים,5000,לוד,1,110421,98892,,
2200,בת גלים,5010,רמלה,1,112737,100689,,
2200,בת גלים,5150,גני אביב,1,107147,96454,,
2200,בת גלים,5200,רחובות,1,119267,103768,,
2200,בת גלים,5300,באר יעקב,1,115324,100788,,
2200,בת גלים,5410,יבנה,1,127262,109942,,
2200,בת גלים,5800,אשדוד,1,139678,121102,,
2200,בת גלים,5900,אשקלון,1,152194,133029,,
2200,בת גלים,7000,קרית גת,1,151769,137706,,
2200,בת גלים,7300,אוניברסיטה,1,191381,175065,,
2200,בת גלים,7320,"ב""ש מרכז",1,196997,177236,,
2200,בת גלים,8550,להבים,1,178855,163242,,
2200,בת גלים,8600,"נתב""ג",1,104727,92807,,
2300,חוף הכרמל,2500,עתלית,1,11324,11297,,
2300,חוף הכרמל,2800,בנימינה,1,31938,31018,,
2300,חוף הכרמל,2820,קיסריה,1,35198,34247,,
2300,חוף הכרמל,3100,חדרה מערב,1,42929,39858,,
2300,חוף הכרמל,3300,נתניה,1,56696,53264,,
2300,חוף הכרמל,3400,בית יהושע,1,63185,59714,,
2300,חוף הכרמל,3500,הרצליה,1,74853,71183,,
2300,חוף הכרמל,3600,אוניברסיטה,1,81809,77992,,
2300,חוף הכרמל,3700,"ת""א מרכז",1,84097,80261,,
2300,חוף הכרמל,4600,"ת""א השלום",1,85375,81483,,
2300,חוף הכרמל,4800,כפר חבד,1,97281,89477,,
2300,חוף הכרמל,4900,ההגנה,1,87737,83747,,
2300,חוף הכרמל,5000,לוד,1,104341,94580,,
2300,חוף הכרמל,5010,רמלה,1,106657,96385,,
2300,חוף הכרמל,5150,גני אביב,1,101067,92145,,
2300,חוף הכרמל,5200,רחובות,1,113187,99351,,
2300,חוף הכרמל,5300,באר יעקב,1,109244,96399,,
2300,חוף הכרמל,5410,יבנה,1,121182,105454,,
2300,חוף הכרמל,5800,אשדוד,1,133598,116556,,
2300,חוף הכרמל,5900,אשקלון,1,146114,128455,,
2300,חוף הכרמל,7000,קרית גת,1,145689,133319,,
2300,חוף הכרמל,7300,אוניברסיטה,1,185301,170762,,
2300,חוף הכרמל,7320,"ב""ש מרכז",1,190917,172923,,
2300,חוף הכרמל,8550,להבים,1,172774,158914,,
2300,חוף הכרמל,8600,"נתב""ג",1,98647,88476,,
2500,עתלית,2800,בנימינה,1,20614,19846,,
2500,עתלית,2820,קיסריה,1,23873,23096,,
2500,עתלית,3100,חדרה מערב,1,31605,28560,,
2500,עתלית,3300,נתניה,1,45371,41968,,
2500,עתלית,3400,בית יהושע,1,51861,48418,,
2500,עתלית,3500,הרצליה,1,63529,59898,,
2500,עתלית,3600,אוניברסיטה,1,70485,66707,,
2500,עתלית,3700,"ת""א מרכז",1,72772,68978,,
2500,עתלית,4600,"ת""א השלום",1,74050,70201,,
2500,עתלית,4800,כפר חבד,1,85956,78186,,
2500,עתלית,4900,ההגנה,1,76412,72468,,
2500,עתלית,5000,לוד,1,93016,83306,,
2500,עתלית,5150,גני אביב,1,89743,80872,,
2500,עתלית,5200,רחובות,1,101863,88054,,
2500,עתלית,5300,באר יעקב,1,97919,85103,,
2500,עתלית,8600,"נתב""ג",1,87322,77194,,
2800,בנימינה,2820,קיסריה,1,3259,3258,,
2800,בנימינה,3100,חדרה מערב,1,10990,9713,,
2800,בנימינה,3300,נתניה,1,24757,22897,,
2800,בנימינה,3400,בית יהושע,1,31246,29245,,
2800,בנימינה,3500,הרצליה,1,42915,40879,,
2800,בנימינה,3600,אוניברסיטה,1,49871,47650,,
2800,בנימינה,3700,"ת""א מרכז",1,52158,49926,,
2800,בנימינה,4600,"ת""א השלום",1,53436,51167,,
2800,בנימינה,4800,כפר חבד,1,65342,58641,,
2800,בנימינה,4900,ההגנה,1,55798,53456,,
2800,בנימינה,5000,לוד,1,72402,63644,,
2800,בנימינה,5150,גני אביב,1,69128,61206,,
2800,בנימינה,5200,רחובות,1,81248,68663,,
2800,בנימינה,5300,באר יעקב,1,77305,65626,,
2800,בנימינה,5410,יבנה,1,89243,75063,,
2800,בנימינה,5800,אשדוד,1,101659,86512,,
2800,בנימינה,5900,אשקלון,1,114175,98601,,
2800,בנימינה,7000,קרית גת,1,113751,102524,,
2800,בנימינה,7300,אוניברסיטה,1,153362,139811,,
2800,בנימינה,7320,"ב""ש מרכז",1,158978,141984,,
2800,בנימינה,8550,להבים,1,140836,127997,,
2800,בנימינה,8600,"נתב""ג",1,66708,57574,,
2820,קיסריה,3100,חדרה מערב,1,7731,7331,,
2820,קיסריה,3300,נתניה,1,21497,20022,,
2820,קיסריה,3400,בית יהושע,1,27987,26289,,
2820,קיסריה,3500,הרצליה,1,39655,37934,,
2820,קיסריה,3600,אוניברסיטה,1,46611,44679,,
2820,קיסריה,3700,"ת""א מרכז",1,48899,46952,,
2820,קיסריה,4600,"ת""א השלום",1,50177,48197,,
2820,קיסריה,4800,כפר חבד,1,62082,55511,,
2820,קיסריה,4900,ההגנה,1,52538,50489,,
2820,קיסריה,5000,לוד,1,69143,60475,,
2820,קיסריה,5150,גני אביב,1,65869,58036,,
2820,קיסריה,5200,רחובות,1,77989,65574,,
2820,קיסריה,5300,באר יעקב,1,74046,62514,,
2820,קיסריה,5410,יבנה,1,85984,72046,,
2820,קיסריה,5800,אשדוד,1,98400,83565,,
2820,קיסריה,5900,אשקלון,1,110916,95685,,
2820,קיסריה,7000,קרית גת,1,110491,99394,,
2820,קיסריה,7300,אוניברסיטה,1,150103,136629,,
2820,קיסריה,7320,"ב""ש מרכז",1,155719,138805,,
2820,קיסריה,8550,להבים,1,137576,124827,,
2820,קיסריה,8600,"נתב""ג",1,63449,54421,,
3100,חדרה מערב,3300,נתניה,1,13766,13434,,
3100,חדרה מערב,3400,בית יהושע,1,20255,19872,,
3100,חדרה מערב,3500,הרצליה,1,31924,31427,,
3100,חדרה מערב,3600,אוניברסיטה,1,38880,38229,,
3100,חדרה מערב,3700,"ת""א מרכז",1,41167,40504,,
3100,חדרה מערב,4600,"ת""א השלום",1,42445,41737,,
3100,חדרה מערב,4800,כפר חבד,1,54351,49645,,
3100,חדרה מערב,4900,ההגנה,1,44807,44017,,
3100,חדרה מערב,5000,לוד,1,61411,54826,,
3100,חדרה מערב,5150,גני אביב,1,58137,52399,,
3100,חדרה מערב,5200,רחובות,1,70257,59494,,
3100,חדרה מערב,5300,באר יעקב,1,66314,56545,,
3100,חדרה מערב,5410,יבנה,1,78252,65693,,
3100,חדרה מערב,5800,אשדוד,1,90668,77007,,
3100,חדרה מערב,5900,אשקלון,1,103184,89049,,
3100,חדרה מערב,7000,קרית גת,1,102760,93463,,
3100,חדרה מערב,7300,אוניברסיטה,1,142371,130981,,
3100,חדרה מערב,7320,"ב""ש מרכז",1,147987,133129,,
3100,חדרה מערב,8550,להבים,1,129845,119103,,
3100,חדרה מערב,8600,"נתב""ג",1,55717,48690,,
3300,נתניה,3400,בית יהושע,1,6489,6451,,
3300,נתניה,3500,הרצליה,1,18157,18005,,
3300,נתניה,3600,אוניברסיטה,1,25113,24800,,
3300,נתניה,3700,"ת""א מרכז",1,27401,27076,,
3300,נתניה,4600,"ת""א השלום",1,28679,28311,,
3300,נתניה,4800,כפר חבד,1,40585,36352,,
3300,נתניה,4900,ההגנה,1,31041,30594,,
3300,נתניה,5000,לוד,1,47645,41649,,
3300,נתניה,5150,גני אביב,1,44371,39239,,
3300,נתניה,5200,רחובות,1,56491,46096,,
3300,נתניה,5300,באר יעקב,1,52548,43188,,
3300,נתניה,5410,יבנה,1,64486,52260,,
3300,נתניה,5800,אשדוד,1,76902,63622,,
3300,נתניה,5900,אשקלון,1,89418,75703,,
3300,נתניה,7000,קרית גת,1,88993,80090,,
3300,נתניה,7300,אוניברסיטה,1,128605,117707,,
3300,נתניה,7320,"ב""ש מרכז",1,134221,119840,,
3300,נתניה,8550,להבים,1,116078,105799,,
3300,נתניה,8600,"נתב""ג",1,41951,35482,,
3300,נתניה,9100,הראשונים,1,55992,41709,,
3400,בית יהושע,3500,הרצליה,1,11668,11645,,
3400,בית יהושע,3600,אוניברסיטה,1,18624,18405,,
3400,בית יהושע,3700,"ת""א מרכז",1,20911,20681,,
3400,בית יהושע,4600,"ת""א השלום",1,22189,21922,,
3400,בית יהושע,4800,כפר חבד,1,34095,29933,,
3400,בית יהושע,4900,ההגנה,1,24551,24211,,
3400,בית יהושע,5000,לוד,1,41155,35279,,
3400,בית יהושע,5150,גני אביב,1,37882,32882,,
3400,בית יהושע,5200,רחובות,1,50002,39644,,
3400,בית יהושע,5300,באר יעקב,1,46058,36744,,
3400,בית יהושע,5410,יבנה,1,57997,45841,,
3400,בית יהושע,5800,אשדוד,1,70413,57278,,
3400,בית יהושע,5900,אשקלון,1,82928,69397,,
3400,בית יהושע,7000,קרית גת,1,82504,73641,,
3400,בית יהושע,7300,אוניברסיטה,1,122116,111280,,
3400,בית יהושע,7320,"ב""ש מרכז",1,127731,113409,,
3400,בית יהושע,8550,להבים,1,109589,99364,,
3400,בית יהושע,8600,"נתב""ג",1,35461,29104,,
3400,בית יהושע,9100,הראשונים,1,49503,35259,,
3500,הרצליה,3600,אוניברסיטה,1,6955,6809,,
3500,הרצליה,3700,"ת""א מרכז",1,9243,9081,,
3500,הרצליה,4600,"ת""א השלום",1,10521,10310,,
3500,הרצליה,4800,כפר חבד,1,22427,19236,,
3500,הרצליה,4900,ההגנה,1,12883,12590,,
3500,הרצליה,5000,לוד,1,29487,24865,,
3500,הרצליה,5010,רמלה,1,31803,26691,,
3500,הרצליה,5150,גני אביב,1,26213,22593,,
3500,הרצליה,5200,רחובות,1,38333,28376,,
3500,הרצליה,5300,באר יעקב,1,34390,25675,,
3500,הרצליה,5410,יבנה,1,46328,34277,,
3500,הרצליה,5800,אשדוד,1,58744,45635,,
3500,הרצליה,5900,אשקלון,1,71260,57753,,
3500,הרצליה,6300,בית שמש,1,59758,47912,,
3500,הרצליה,6500,גן החיות,1,89723,57589,,
3500,הרצליה,6700,מלחה,1,90870,57896,,
3500,הרצליה,7000,קרית גת,1,70835,62383,,
3500,הרצליה,7300,אוניברסיטה,1,110447,100214,,
3500,הרצליה,7320,"ב""ש מרכז",1,116063,102310,,
3500,הרצליה,8550,להבים,1,97921,88247,,
3500,הרצליה,8600,"נתב""ג",1,23793,18777,,
3500,הרצליה,9100,הראשונים,1,37834,23922,,
3600,אוניברסיטה,3700,"ת""א מרכז",1,2287,2276,,
3600,אוניברסיטה,4100,בני ברק,1,2780,2404,,
3600,אוניברסיטה,4170,קרית אריה,1,5947,5519,,
3600,אוניברסיטה,4250,סגולה,1,9637,9148,,
3600,אוניברסיטה,4600,"ת""א השלום",1,3565,3517,,
3600,אוניברסיטה,4640,צומת חולון,1,8082,7855,,
3600,אוניברסיטה,4660,וולפסון,1,9912,8683,,
3600,אוניברסיטה,4680,יוספטל,1,12248,10676,,
3600,אוניברסיטה,4690,קוממיות,1,13791,12181,,
3600,אוניברסיטה,4800,כפר חבד,1,15471,13095,,
3600,אוניברסיטה,4900,ההגנה,1,5927,5809,,
3600,אוניברסיטה,5000,לוד,1,22531,18814,,
3600,אוניברסיטה,5010,רמלה,1,24847,20597,,
3600,אוניברסיטה,5150,גני אביב,1,19257,16713,,
3600,אוניברסיטה,5200,רחובות,1,31377,21671,,
3600,אוניברסיטה,5300,באר יעקב,1,27434,19108,,
3600,אוניברסיטה,5410,יבנה,1,39372,27469,,
3600,אוניברסיטה,5800,אשדוד,2,41089,38892,51788,38892
3600,אוניברסיטה,5900,אשקלון,2,53605,51048,64304,51048
3600,אוניברסיטה,6300,בית שמש,1,52802,42204,,
3600,אוניברסיטה,6500,גן החיות,1,82767,53198,,
3600,אוניברסיטה,6700,מלחה,1,83914,53593,,
3600,אוניברסיטה,7000,קרית גת,1,63879,55639,,
3600,אוניברסיטה,7300,אוניברסיטה,1,103491,93528,,
3600,אוניברסיטה,7320,"ב""ש מרכז",1,109107,95611,,
3600,אוניברסיטה,8550,להבים,1,90965,81545,,
3600,אוניברסיטה,8600,"נתב""ג",1,16837,13023,,
3600,אוניברסיטה,8700,כפר סבא,1,19895,12762,,
3600,אוניברסיטה,8800,ראש העין,1,13742,12399,,
3600,אוניברסיטה,9000,יבנה מערב,1,26681,24589,,
3600,אוניברסיטה,9100,הראשונים,1,30878,17193,,
3600,אוניברסיטה,9200,הוד השרון,1,21421,11747,,
3600,אוניברסיטה,9600,שדרות,0,,,,
3600,אוניברסיטה,9800,משה דיין,1,15249,13606,,
3700,"ת""א מרכז",4100,בני ברק,1,5068,3678,,
3700,"ת""א מרכז",4170,קרית אריה,1,8235,6589,,
3700,"ת""א מרכז",4250,סגולה,1,11924,10187,,
3700,"ת""א מרכז",4600,"ת""א השלום",1,1277,1248,,
3700,"ת""א מרכז",4640,צומת חולון,1,5795,5589,,
3700,"ת""א מרכז",4660,וולפסון,1,7624,6499,,
3700,"ת""א מרכז",4680,יוספטל,1,9960,8421,,
3700,"ת""א מרכז",4690,קוממיות,1,11503,9916,,
3700,"ת""א מרכז",4800,כפר חבד,1,13183,11318,,
3700,"ת""א מרכז",4900,ההגנה,1,3639,3540,,
3700,"ת""א מרכז",5000,לוד,2,20244,17020,23042,17020
3700,"ת""א מרכז",5010,רמלה,1,22559,18766,,
3700,"ת""א מרכז",5150,גני אביב,1,16970,15034,,
3700,"ת""א מרכז",5200,רחובות,1,29090,19487,,
3700,"ת""א מרכז",5300,באר יעקב,1,25147,17017,,
3700,"ת""א מרכז",5410,יבנה,1,37085,25196,,
3700,"ת""א מרכז",5800,אשדוד,2,38802,36623,49501,36623
3700,"ת""א מרכז",5900,אשקלון,2,51318,48788,62017,48788
3700,"ת""א מרכז",6300,בית שמש,1,50514,40474,,
3700,"ת""א מרכז",6500,גן החיות,1,80479,51981,,
3700,"ת""א מרכז",6700,מלחה,1,81627,52410,,
3700,"ת""א מרכז",7000,קרית גת,2,61592,53419,64390,53419
3700,"ת""א מרכז",7300,אוניברסיטה,2,101204,91335,104002,91335
3700,"ת""א מרכז",7320,"ב""ש מרכז",2,106820,93411,109618,93411
3700,"ת""א מרכז",8550,להבים,2,88677,79345,91476,79345
3700,"ת""א מרכז",8600,"נתב""ג",1,14550,11484,,
3700,"ת""א מרכז",8700,כפר סבא,1,22183,14554,,
3700,"ת""א מרכז",8800,ראש העין,1,16030,13485,,
3700,"ת""א מרכז",9000,יבנה מערב,1,24393,22314,,
3700,"ת""א מרכז",9100,הראשונים,1,28591,15000,,
3700,"ת""א מרכז",9200,הוד השרון,1,23708,13657,,
3700,"ת""א מרכז",9600,שדרות,0,,,,
3700,"ת""א מרכז",9800,משה דיין,1,12962,11336,,
4100,בני ברק,4170,קרית אריה,1,3166,3128,,
4100,בני ברק,4250,סגולה,1,6856,6771,,
4100,בני ברק,4600,"ת""א השלום",1,6346,4785,,
4100,בני ברק,4640,צומת חולון,1,10863,8905,,
4100,בני ברק,4660,וולפסון,1,12693,10028,,
4100,בני ברק,4680,יוספטל,1,15028,11737,,
4100,בני ברק,4690,קוממיות,1,16572,13159,,
4100,בני ברק,4900,ההגנה,1,8708,6914,,
4100,בני ברק,5800,אשדוד,1,43870,39707,,
4100,בני ברק,5900,אשקלון,1,56386,51929,,
4100,בני ברק,8700,כפר סבא,1,17114,10888,,
4100,בני ברק,8800,ראש העין,1,10962,10044,,
4100,בני ברק,9000,יבנה מערב,1,29462,25310,,
4100,בני ברק,9200,הוד השרון,1,18640,10043,,
4100,בני ברק,9600,שדרות,0,,,,
4100,בני ברק,9800,משה דיין,1,18030,14514,,
4170,קרית אריה,4250,סגולה,1,3689,3647,,
4170,קרית אריה,4600,"ת""א השלום",1,9513,7521,,
4170,קרית אריה,4640,צומת חולון,1,14030,11206,,
4170,קרית אריה,4660,וולפסון,1,15860,12522,,
4170,קרית אריה,4680,יוספטל,1,18195,13935,,
4170,קרית אריה,4690,קוממיות,1,19738,15238,,
4170,קרית אריה,4900,ההגנה,1,11874,9375,,
4170,קרית אריה,5800,אשדוד,1,47037,41329,,
4170,קרית אריה,5900,אשקלון,1,59553,53587,,
4170,קרית אריה,8700,כפר סבא,1,13948,8507,,
4170,קרית אריה,8800,ראש העין,1,7795,6933,,
4170,קרית אריה,9000,יבנה מערב,1,32628,26916,,
4170,קרית אריה,9200,הוד השרון,1,15473,7983,,
4170,קרית אריה,9600,שדרות,0,,,,
4170,קרית אריה,9800,משה דיין,1,21197,16489,,
4250,סגולה,4600,"ת""א השלום",1,13202,11040,,
4250,סגולה,4640,צומת חולון,1,17719,14405,,
4250,סגולה,4660,וולפסון,1,19549,15821,,
4250,סגולה,4680,יוספטל,1,21885,17003,,
4250,סגולה,4690,קוממיות,1,23428,18190,,
4250,סגולה,4900,ההגנה,1,15564,12716,,
4250,סגולה,5800,אשדוד,1,50726,43625,,
4250,סגולה,5900,אשקלון,1,63242,55878,,
4250,סגולה,8700,כפר סבא,1,10258,6340,,
4250,סגולה,8800,ראש העין,1,4105,3298,,
4250,סגולה,9000,יבנה מערב,1,36318,29293,,
4250,סגולה,9200,הוד השרון,1,11784,6468,,
4250,סגולה,9600,שדרות,0,,,,
4250,סגולה,9800,משה דיין,1,24886,19335,,
4600,"ת""א השלום",4640,צומת חולון,1,4517,4341,,
4600,"ת""א השלום",4660,וולפסון,1,6346,5280,,
4600,"ת""א השלום",4680,יוספטל,1,8682,7173,,
4600,"ת""א השלום",4690,קוממיות,1,10225,8668,,
4600,"ת""א השלום",4800,כפר חבד,1,11905,10555,,
4600,"ת""א השלום",4900,ההגנה,1,2361,2293,,
4600,"ת""א השלום",5000,לוד,2,18966,16209,21764,16209
4600,"ת""א השלום",5010,רמלה,1,21281,17922,,
4600,"ת""א השלום",5150,גני אביב,1,15692,14317,,
4600,"ת""א השלום",5200,רחובות,1,27812,18363,,
4600,"ת""א השלום",5300,באר יעקב,1,23869,15976,,
4600,"ת""א השלום",5410,יבנה,1,35807,23971,,
4600,"ת""א השלום",5800,אשדוד,2,37524,35376,48223,35376
4600,"ת""א השלום",5900,אשקלון,2,50040,47539,60739,47539
4600,"ת""א השלום",6300,בית שמש,1,49236,39669,,
4600,"ת""א השלום",6500,גן החיות,1,79201,51493,,
4600,"ת""א השלום",6700,מלחה,1,80349,51942,,
4600,"ת""א השלום",7000,קרית גת,2,60314,52252,63112,52252
4600,"ת""א השלום",7300,אוניברסיטה,2,99926,90190,102724,90190
4600,"ת""א השלום",7320,"ב""ש מרכז",2,105542,92260,108340,92260
4600,"ת""א השלום",8550,להבים,2,87399,78194,90198,78194
4600,"ת""א השלום",8600,"נתב""ג",1,13272,10896,,
4600,"ת""א השלום",8700,כפר סבא,1,23461,15671,,
4600,"ת""א השלום",8800,ראש העין,1,17308,14326,,
4600,"ת""א השלום",9000,יבנה מערב,1,23115,21073,,
4600,"ת""א השלום",9100,הראשונים,1,27313,13871,,
4600,"ת""א השלום",9200,הוד השרון,1,24986,14818,,
4600,"ת""א השלום",9600,שדרות,0,,,,
4600,"ת""א השלום",9800,משה דיין,1,11684,10089,,
4640,צומת חולון,4660,וולפסון,1,1829,1591,,
4640,צומת חולון,4680,יוספטל,1,4165,2845,,
4640,צומת חולון,4690,קוממיות,1,5708,4327,,
4640,צומת חולון,4900,ההגנה,1,2155,2049,,
4640,צומת חולון,5800,אשדוד,1,33007,31036,,
4640,צומת חולון,5900,אשקלון,1,45522,43198,,
4640,צומת חולון,8700,כפר סבא,1,27978,19641,,
4640,צומת חולון,8800,ראש העין,1,21825,17570,,
4640,צומת חולון,9000,יבנה מערב,1,18598,16755,,
4640,צומת חולון,9200,הוד השרון,1,29504,18909,,
4640,צומת חולון,9600,שדרות,0,,,,
4640,צומת חולון,9800,משה דיין,1,7167,5752,,
4660,וולפסון,4680,יוספטל,1,2335,2324,,
4660,וולפסון,4690,קוממיות,1,3878,3831,,
4660,וולפסון,4900,ההגנה,1,3985,3150,,
4660,וולפסון,5800,אשדוד,1,31177,30361,,
4660,וולפסון,5900,אשקלון,1,43693,42453,,
4660,וולפסון,8700,כפר סבא,1,29808,20872,,
4660,וולפסון,8800,ראש העין,1,23655,19021,,
4660,וולפסון,9000,יבנה מערב,1,16768,16240,,
4660,וולפסון,9200,הוד השרון,1,31333,20071,,
4660,וולפסון,9600,שדרות,0,,,,
4660,וולפסון,9800,משה דיין,1,5337,5280,,
4680,יוספטל,4690,קוממיות,1,1543,1537,,
4680,יוספטל,4900,ההגנה,1,6320,4888,,
4680,יוספטל,5800,אשדוד,1,28841,28228,,
4680,יוספטל,5900,אשקלון,1,41357,40372,,
4680,יוספטל,8700,כפר סבא,1,32143,22411,,
4680,יוספטל,8800,ראש העין,1,25990,20093,,
4680,יוספטל,9000,יבנה מערב,1,14433,14007,,
4680,יוספטל,9200,הוד השרון,1,33669,21716,,
4680,יוספטל,9600,שדרות,0,,,,
4680,יוספטל,9800,משה דיין,1,3001,2995,,
4690,קוממיות,4900,ההגנה,1,7863,6376,,
4690,קוממיות,5800,אשדוד,1,27298,26712,,
4690,קוממיות,5900,אשקלון,1,39814,38871,,
4690,קוממיות,8700,כפר סבא,1,33686,23738,,
4690,קוממיות,8800,ראש העין,1,27534,21213,,
4690,קוממיות,9000,יבנה מערב,1,12889,12471,,
4690,קוממיות,9200,הוד השרון,1,35212,23086,,
4690,קוממיות,9600,שדרות,0,,,,
4690,קוממיות,9800,משה דיין,1,1458,1457,,
4800,כפר חבד,4900,ההגנה,1,9544,9336,,
4800,כפר חבד,5000,לוד,1,7060,5720,,
4800,כפר חבד,5150,גני אביב,1,3786,3786,,
4800,כפר חבד,5200,רחובות,1,15906,10372,,
4800,כפר חבד,5300,באר יעקב,1,11963,7082,,
4800,כפר חבד,5410,יבנה,1,23901,17847,,
4800,כפר חבד,5800,אשדוד,1,36317,30073,,
4800,כפר חבד,5900,אשקלון,1,48833,42255,,
4900,ההגנה,5000,לוד,2,16604,14794,19402,14794
4900,ההגנה,5010,רמלה,1,18920,16425,,
4900,ההגנה,5150,גני אביב,1,13330,13116,,
4900,ההגנה,5200,רחובות,1,25450,16295,,
4900,ההגנה,5300,באר יעקב,1,21507,14090,,
4900,ההגנה,5410,יבנה,1,33445,21709,,
4900,ההגנה,5800,אשדוד,2,35162,33083,45861,33083
4900,ההגנה,5900,אשקלון,2,47678,45248,58377,45248
4900,ההגנה,6300,בית שמש,1,46874,38174,,
4900,ההגנה,6500,גן החיות,1,76840,50571,,
4900,ההגנה,6700,מלחה,1,77987,51056,,
4900,ההגנה,7000,קרית גת,2,57952,50084,60751,50084
4900,ההגנה,7300,אוניברסיטה,2,97564,88055,100362,88055
4900,ההגנה,7320,"ב""ש מרכז",2,103180,90116,105978,90116
4900,ההגנה,8550,להבים,2,85037,76051,87836,76051
4900,ההגנה,8600,"נתב""ג",1,10910,10036,,
4900,ההגנה,8700,כפר סבא,1,25823,17728,,
4900,ההגנה,8800,ראש העין,1,19670,15945,,
4900,ההגנה,9000,יבנה מערב,1,20753,18787,,
4900,ההגנה,9100,הראשונים,1,24951,11810,,
4900,ההגנה,9200,הוד השרון,1,27348,16948,,
4900,ההגנה,9600,שדרות,0,,,,
4900,ההגנה,9800,משה דיין,1,9322,7796,,
5000,לוד,5010,רמלה,1,2315,1836,,
5000,לוד,5150,גני אביב,1,3273,2439,,
5000,לוד,5200,רחובות,1,8846,7655,,
5000,לוד,5300,באר יעקב,1,4902,4598,,
5000,לוד,5410,יבנה,1,16841,15452,,
5000,לוד,5800,אשדוד,1,29257,27415,,
5000,לוד,5900,אשקלון,1,41773,39268,,
5000,לוד,6300,בית שמש,1,30270,23462,,
5000,לוד,6500,גן החיות,1,60235,36241,,
5000,לוד,6700,מלחה,1,61382,36802,,
5000,לוד,7000,קרית גת,1,41348,39076,,
5000,לוד,7300,אוניברסיטה,1,80960,76181,,
5000,לוד,7320,"ב""ש מרכז",1,86575,78345,,
5000,לוד,8550,להבים,1,68433,64353,,
5000,לוד,8600,"נתב""ג",1,8492,6177,,
5000,לוד,9100,הראשונים,1,8347,6846,,
5010,רמלה,5150,גני אביב,1,5589,4243,,
5010,רמלה,6300,בית שמש,1,27954,21760,,
5010,רמלה,6500,גן החיות,1,57919,34991,,
5010,רמלה,6700,מלחה,1,59067,35582,,
5010,רמלה,7000,קרית גת,1,39032,37353,,
5010,רמלה,7300,אוניברסיטה,1,78644,74378,,
5010,רמלה,7320,"ב""ש מרכז",1,84260,76546,,
5010,רמלה,8550,להבים,1,66117,62563,,
5150,גני אביב,5200,רחובות,1,12120,9410,,
5150,גני אביב,5300,באר יעקב,1,8176,6055,,
5150,גני אביב,5410,יבנה,1,20115,17256,,
5150,גני אביב,5800,אשדוד,1,32530,29371,,
5150,גני אביב,5900,אשקלון,1,45046,41341,,
5150,גני אביב,6300,בית שמש,1,33544,25491,,
5150,גני אביב,6500,גן החיות,1,63509,37517,,
5150,גני אביב,6700,מלחה,1,64656,38031,,
5150,גני אביב,9100,הראשונים,1,11620,7445,,
5200,רחובות,5300,באר יעקב,1,3943,3414,,
5200,רחובות,5410,יבנה,1,7994,7848,,
5200,רחובות,5800,אשדוד,1,20410,19983,,
5200,רחובות,5900,אשקלון,1,32926,32039,,
5300,באר יעקב,5410,יבנה,1,11938,11221,,
5300,באר יעקב,5800,אשדוד,1,24354,23392,,
5300,באר יעקב,5900,אשקלון,1,36870,35453,,
5300,באר יעקב,9100,הראשונים,1,3444,3026,,
5410,יבנה,5800,אשדוד,1,12415,12229,,
5410,יבנה,5900,אשקלון,1,24931,24418,,
5800,אשדוד,5900,אשקלון,1,12515,12261,,
5800,אשדוד,8700,כפר סבא,1,60985,49729,,
5800,אשדוד,8800,ראש העין,1,54832,46121,,
5800,אשדוד,9000,יבנה מערב,1,14408,14418,,
5800,אשדוד,9200,הוד השרון,1,62511,49312,,
5800,אשדוד,9600,שדרות,0,,,,
5800,אשדוד,9800,משה דיין,1,25839,25286,,
5900,אשקלון,8700,כפר סבא,1,73501,61990,,
5900,אשקלון,8800,ראש העין,1,67348,58344,,
5900,אשקלון,9000,יבנה מערב,1,26924,26671,,
5900,אשקלון,9200,הוד השרון,1,75027,61570,,
5900,אשקלון,9600,שדרות,0,,,,
5900,אשקלון,9800,משה דיין,1,38355,37462,,
6300,בית שמש,6500,גן החיות,1,29965,17880,,
6300,בית שמש,6700,מלחה,1,31112,18803,,
6500,גן החיות,6700,מלחה,1,1147,999,,
7000,קרית גת,7300,אוניברסיטה,1,39611,38061,,
7000,קרית גת,7320,"ב""ש מרכז",1,45227,40073,,
7000,קרית גת,8550,להבים,1,27085,26032,,
7000,קרית גת,8600,"נתב""ג",1,49840,45006,,
7300,אוניברסיטה,7320,"ב""ש מרכז",1,5615,2324,,
7300,אוניברסיטה,7500,דימונה,1,36617,28818,,
7300,אוניברסיטה,8550,להבים,1,12526,12029,,
7300,אוניברסיטה,8600,"נתב""ג",1,89452,82295,,
7320,"ב""ש מרכז",8550,להבים,1,18142,14066,,
7320,"ב""ש מרכז",8600,"נתב""ג",1,95068,84449,,
8550,להבים,8600,"נתב""ג",1,76926,70439,,
8700,כפר סבא,8800,ראש העין,1,6152,5438,,
8700,כפר סבא,9000,יבנה מערב,1,46576,35338,,
8700,כפר סבא,9200,הוד השרון,1,1525,1520,,
8700,כפר סבא,9600,שדרות,0,,,,
8700,כפר סבא,9800,משה דיין,1,35145,24996,,
8800,ראש העין,9000,יבנה מערב,1,40424,31901,,
8800,ראש העין,9200,הוד השרון,1,7678,6323,,
8800,ראש העין,9600,שדרות,0,,,,
8800,ראש העין,9800,משה דיין,1,28992,22293,,
9000,יבנה מערב,9200,הוד השרון,1,48102,34900,,
9000,יבנה מערב,9600,שדרות,0,,,,
9000,יבנה מערב,9800,משה דיין,1,11431,11019,,
9200,הוד השרון,9600,שדרות,0,,,,
9200,הוד השרון,9800,משה דיין,1,36671,24386,,
9600,שדרות,9800,משה דיין,0,,,,
